{"count":1,"gauges":{},"self":6.0952839999999995,"total":6.2083615,"children":{"AgentResetIfDone":{"count":272,"self":0.0060101999999999994,"total":0.0060101999999999994,"children":null},"AgentSendState":{"count":272,"self":0.0490045,"total":0.094050399999999992,"children":{"CollectObservations":{"count":4352,"self":0.0450459,"total":0.0450459,"children":null}}},"DecideAction":{"count":272,"self":0.011016699999999999,"total":0.011016699999999999,"children":null}}}